{"0": {"precision": 0.8134626354820308, "recall": 0.926575698505523, "f1-score": 0.8663426488456865, "support": 1539.0}, "1": {"precision": 0.6861111111111111, "recall": 0.43031358885017423, "f1-score": 0.5289079229122056, "support": 574.0}, "accuracy": 0.7917652626597255, "macro avg": {"precision": 0.7497868732965709, "recall": 0.6784446436778486, "f1-score": 0.697625285878946, "support": 2113.0}, "weighted avg": {"precision": 0.7788673799264663, "recall": 0.7917652626597255, "f1-score": 0.7746779386299657, "support": 2113.0}}